label,acc x,acc y,acc
acc_estimated,120.1583909930144,74.65284490976676,154.09755824512217
acc_predicted,133.26334190268426,104.66623051231795,189.75858332147575
acc_measured,121.63905163261168,77.68742708163313,158.886839720615
