label,acc dist1,acc dist2,acc dist3,acc estimated x,acc estimated y,acc estimated,acc predicted x,acc predicted y,acc predicted,acc measured x,acc measured y,acc measured
a,122.44445066171264,83.4232784154842,166.21203699182195,152.90175713897418,36.18599082087117,164.2833649636306,98.9452197577113,109.2713008541182,152.388748168646,137.6298711421658,41.01551938160963,151.26220638932514
b,212.54836689977384,204.44821544993388,139.33332054233693,17.149308302876587,2.7264314095709214,17.440272004877734,78.4364805016326,44.003591357005405,93.36206141960584,32.31265251329412,11.65735347305022,34.85525039325291
c,276.9868061370433,217.8997021158496,28.43703238812727,178.72382990757666,14.262083267013352,179.35961493307542,215.6379792319197,25.352302090699553,217.41672865506303,187.94454569699795,5.270133584968277,188.05017023688004
d,404.5033297185338,69.42506909378665,51.476102464401,236.56789562574565,174.9638697885649,295.1194212393978,151.80702393211843,205.00385106868592,255.52255264171407,215.37851083495815,182.47416355193945,282.8829427838784
e,93.25368635303911,35.55123128465289,136.21692168024407,25.98690176473684,95.31812665556993,102.0639972490738,26.473722455675826,175.89651814051686,179.52204794000673,17.283321368797385,115.46287900320658,118.20821336640283
f,41.8876654505375,22.09203925667955,153.89339124938317,109.6206532181778,124.46056751700976,166.3186790806788,228.27962553704762,68.46981956288168,240.3393611038187,139.28540823945673,110.24451349502516,178.0622551539513
