label,acc x,acc y,acc
acc_estimated,118.76522334915089,72.99949705839512,151.88268067665788
acc_measured,133.3929868461201,112.02774092594754,201.23101314008102
