"measurement","measurement count"
"1.8368143932063332","60"
"1.847270384645808","139"
"1.8420541907736805","58"
"1.8524630811501877","517"
"1.8576323861353181","226"
"avg","1.8513669223442732"
