"measurement","measurement count"
"2.2499706935829957","380"
"2.416406526730798","228"
"2.0898071287121134","333"
"2.5893602604837582","59"
"avg","2.2546075808858377"
