"measurement","measurement count"
"0.7907851131674213","6"
"2.6269632669282323","463"
"3.957730840690549","240"
"5.671242394297113","25"
"4.760413996118633","242"
"3.2503525361751304","24"
"avg","3.542693812818851"
