"measurement","measurement count"
"0.9356794566418309","135"
"0.7873602098958199","61"
"1.0898071287121134","461"
"1.2499706935829957","343"
"avg","1.1054867336855458"
