"measurement","measurement count"
"2.9561761192653577","5"
"5.2230009719985695","380"
"6.661882394242298","23"
"5.913454342688377","592"
"avg","5.653509515894973"
