"measurement","measurement count"
"2.007723893223932","120"
"1.8943753984652671","14"
"2.1255113012178555","267"
"2.2479114575804657","485"
"2.3751050051145466","114"
"avg","2.195958667700103"
