"measurement","measurement count"
"0.14753691884981235","5"
"0.14236761386468189","40"
"0.13209875744010158","633"
"0.13722159502711695","322"
"avg","0.13423625620715296"
