"measurement","measurement count"
"3.2850905143769253","6"
"5.791410785315681","60"
"5.193840250726532","251"
"5.485746948602492","223"
"4.915071518444989","444"
"4.648849445901522","16"
"avg","5.1508440079999485"
