"measurement","measurement count"
"1.9561761192653577","5"
"4.2230009719985695","380"
"5.661882394242298","23"
"4.913454342688377","592"
"avg","4.653509515894961"
