"measurement","measurement count"
"0.29487773696942066","5"
"1.9189550389957288","81"
"2.4799478965096897","498"
"0.6233862313249872","343"
"0.9989202508862132","73"
"avg","1.6786664549644699"
