"axis","standard deviation"
"x","9.301625597527238"
"y","8.364108338662954"
