"axis","standard deviation"
"x","26.685953817092763"
"y","35.51794321423258"
